﻿INSERT INTO `form` (`id`, `form_id`, `form_name`) VALUES (1, 'MUNICIPALITY_RESIDENT_FORM', 'Municipality Residents Information Form');

INSERT INTO `options` (`id`, `option_id`, `option_text`, `question_id`) VALUES
	(1, 1, 'नेपाली', 8),
	(2, 2, 'मैथिली', 8),
	(3, 3, 'भोजपुरी', 8),
	(4, 4, 'थारु', 8),
	(5, 5, 'तामाङ', 8),
	(6, 6, 'नेवार', 8),
	(7, 7, 'मगर', 8),
	(8, 8, 'बज्जिका', 8),
	(9, 9, 'उर्दु', 8),
	(10, 10, 'अवाधी', 8),
	(11, 11, 'लिम्बु', 8),
	(12, 12, 'गुरुङ', 8),
	(13, 13, 'अन्य', 8),
	(14, 1, 'क्षत्री', 9),
	(15, 2, 'ब्राह्मण', 9),
	(16, 3, 'जनजाति', 9),
	(17, 4, 'दलित', 9),
	(18, 5, 'मधेशी', 9),
	(19, 6, 'मुस्लिम', 9),
	(20, 7, 'अन्य', 9),
	(21, 1, 'हिन्दु', 10),
	(22, 2, 'बौद्ध', 10),
	(23, 3, 'इस्लाम', 10),
	(24, 4, 'किँरात', 10),
	(25, 5, 'ईसाई', 10),
	(26, 6, 'निर्दिष्ट / अन्य', 10),
	(27, 1, 'धारा', 19),
	(28, 2, 'इनार', 19),
	(29, 3, 'अन्य', 19),
	(30, 1, 'ढल', 20),
	(31, 2, 'सेफ्टी ट्याङ्की', 20),
	(32, 3, 'छैन', 20),
	(33, 1, 'मोटर', 21),
	(34, 2, 'मोटर साइकल', 21),
	(35, 3, 'साइकल', 21),
	(36, 4, 'अन्य', 21),
	(37, 5, 'छैन', 21),
	(38, 1, 'आर. सि. सि ढलान', 22),
	(39, 2, 'माटोको छाना', 22),
	(40, 3, 'जस्ता वा च्याटर छाना', 22),
	(41, 4, 'टायल वा ढुंगाको छाना', 22),
	(42, 5, 'अन्य', 22),
	(43, 1, 'माटो वा ढुंगा', 23),
	(44, 2, 'सिमेन्ट र ढुंगा', 23),
	(45, 3, 'फ्रेम स्ट्रकचर', 23),
	(46, 4, 'लोड वायरिङ्ग', 23),
	(47, 5, 'काठको खम्बा', 23),
	(48, 6, 'अन्य', 23),
	(49, 1, 'छ', 24),
	(50, 2, 'छैन', 24),
	(51, 3, 'अन्य', 24),
	(52, 1, 'घर', 25),
	(53, 2, 'गाई वस्तु', 25),
	(54, 3, 'खेतीपाती', 25),
	(55, 4, 'मानव', 25),
	(56, 5, 'छैन', 25),
	(57, 1, 'छ', 26),
	(58, 2, 'छैन', 26),
	(59, 3, 'अन्य', 26),
	(60, 1, 'छ', 27),
	(61, 2, 'छैन', 27),
	(62, 1, 'स्थानिय सरकार', 28),
	(63, 2, 'गैर-सरकारी संस्था', 28),
	(64, 3, 'गुँठि', 28),
	(65, 4, 'अन्य', 28),
	(66, 1, 'बाढि वा डुवान', 30),
	(67, 2, 'पहिरो', 30),
	(68, 3, 'आगलागी', 30),
	(69, 4, 'दुरघटना (सडक)', 30),
	(70, 5, 'भुकम्प', 30),
	(71, 6, 'धुवा-धुलो', 30),
	(72, 7, 'महामारी', 30),
	(73, 1, 'छ', 31),
	(74, 2, 'छैन', 31),
	(75, 1, 'गल्फ', 32),
	(76, 2, 'युरोप', 32),
	(77, 3, 'एशिया', 32),
	(78, 4, 'अन्य', 32),
	(79, 5, 'छैन', 32),
	(80, 1, 'अष्ट्रेलिया', 33),
	(81, 2, 'यु . के .', 33),
	(82, 3, 'यु . एस . ए.', 33),
	(83, 4, 'अन्य', 33),
	(84, 5, 'छैन', 33),
	(85, 1, 'दैनिक ज्यालादारी', 34),
	(86, 2, 'कलकारखाना मजदुर', 34),
	(87, 3, 'यातायात मजदुर', 34),
	(88, 4, 'उत्पादक मजदुर', 34),
	(89, 5, 'घरेलु कामदार', 34),
	(90, 6, 'अन्य', 34),
	(91, 7, 'छैन', 34),
	(92, 1, 'मल बनाउने', 35),
	(93, 2, 'निजी संकलन', 35),
	(94, 3, 'नगरको गाडीमा पठाउने', 35),
	(95, 4, 'अन्य', 35),
	(96, 1, 'बिधुत', 36),
	(97, 2, 'जेनेरेटर', 36),
	(98, 3, 'गोबर ग्याँस', 36),
	(99, 4, 'सोलार', 36),
	(100, 5, 'मट्टितेल', 36),
	(101, 6, 'इन्भटर अथवा ब्याट्री', 36),
	(102, 7, 'अन्य', 36),
	(103, 8, 'छैन', 36),
	(104, 1, 'एल. पी. ग्याँस', 37),
	(105, 2, 'मट्टितेल', 37),
	(106, 3, 'दाउरा', 37),
	(107, 4, 'अन्य', 37),
	(108, 1, 'टेलिफोन', 38),
	(109, 2, 'इन्टरनेट', 38),
	(110, 3, 'मोबाईल', 38),
	(111, 4, 'टेलिभिजन', 38),
	(112, 5, 'रेडियो', 38),
	(113, 6, 'अन्य', 38),
	(114, 7, 'छैन', 38),
	(115, 1, '१ रोपनी भन्दा कम', 39),
	(116, 2, '१-५ रोपनी', 39),
	(117, 3, '५-१० रोपनी', 39),
	(118, 4, '१० रोपनी भन्दा माथी', 39),
	(119, 1, '१,००,०००/- भन्दा कम', 40),
	(120, 2, '१,००,००१/- देखि २,५०,०००/-', 40),
	(121, 3, '२,५०,००१/- देखि ४,००,०००/-', 40),
	(122, 4, '४,००,००१/- देखि ६,००,०००/-', 40),
	(123, 5, '६,००,००१/- देखि ८,००,०००/-', 40),
	(124, 6, '८,००,००१/- भन्दा माथि', 40),
	(125, 1, '१,००,०००/- भन्दा कम', 41),
	(126, 2, '१,००,००१/- देखि २,५०,०००/-', 41),
	(127, 3, '२,५०,००१/- देखि ४,००,०००/-', 41),
	(128, 4, '४,००,००१/- देखि ६,००,०००/-', 41),
	(129, 5, '६,००,००१/- देखि ८,००,०००/-', 41),
	(130, 6, '८,००,००१/- भन्दा माथि', 41),
	(131, 1, 'गाई', 42),
	(132, 2, 'भैँसी', 42),
	(133, 3, 'गोरु', 42),
	(134, 4, 'बाख्रा', 42),
	(135, 5, 'बोका', 42),
	(136, 6, 'भेडा', 42),
	(137, 7, 'च्याङग्रा', 42),
	(138, 8, 'कुकुर', 42),
	(139, 9, 'हाँस', 42),
	(140, 10, 'कुखुरा', 42),
	(141, 11, 'अन्य', 42),
	(142, 12, 'छैन', 42),
	(143, 1, '३ महिना', 43),
	(144, 2, '४-६ महिना', 43),
	(145, 3, '७-९ महिना', 43),
	(146, 4, '९ महिना भन्दा बढी', 43),
	(147, 1, 'छ', 44),
	(148, 2, 'छैन', 44),
	(149, 1, 'शारीरिक अपाङ्गता', 52),
	(150, 2, 'दृष्टिविहिन र न्युन दृष्टिविहिन', 52),
	(151, 3, 'बोल्न नसक्ने', 52),
	(152, 4, 'सुस्त श्रवण', 52),
	(153, 5, 'मानसिक अपाङ्गता', 52),
	(154, 6, 'श्रवण र दृष्टिविहिन (दुवै)', 52),
	(155, 7, 'अन्य', 52),
	(156, 8, 'छैन', 52),
	(157, 1, 'शारीरिक अपाङ्गता', 53),
	(158, 2, 'दृष्टिविहिन र न्युन दृष्टिविहिन', 53),
	(159, 3, 'बोल्न नसक्ने', 53),
	(160, 4, 'सुस्त श्रवण', 53),
	(161, 5, 'मानसिक अपाङ्गता', 53),
	(162, 6, 'श्रवण र दृष्टिविहिन (दुवै)', 53),
	(163, 7, 'अन्य', 53),
	(164, 8, 'छैन', 53),
	(165, 1, 'लामा, धामी, झाँऋी', 54),
	(166, 2, 'परंपरागत वैद्य', 54),
	(167, 3, 'स्वास्थ्य चौकी', 54),
	(168, 4, 'अस्पताल (निजी, सरकारी)', 54),
	(169, 5, 'अन्य', 54),
	(170, 1, 'बालक', 55),
	(171, 2, 'बालिका', 55),
	(172, 3, 'छैन', 55),
	(173, 1, 'बालक', 56),
	(174, 2, 'बालिका', 56),
	(175, 3, 'छैन', 56),
	(176, 1, 'गाली', 57),
	(177, 2, 'कुटपीट', 57),
	(178, 3, 'खानामा बन्देज', 57),
	(179, 4, 'कोठामा थुन्ने', 57),
	(180, 5, 'सम्झाउने', 57),
	(181, 6, 'अन्य', 57),
	(182, 1, 'छन्', 58),
	(183, 2, 'छैनन्', 58),
	(184, 1, 'छ', 59),
	(185, 2, 'छैन', 59),
	(186, 3, 'थाहा छैन', 59),
	(187, 1, 'दाईजोसम्बन्धी', 60),
	(188, 2, 'वहुविवाह', 60),
	(189, 3, 'घरायसी हिंसा', 60),
	(190, 4, 'बालविवाह', 60),
	(191, 5, 'बलात्कार', 60),
	(192, 6, 'महिला/बालबालिका बेचबिखन', 60),
	(193, 7, 'कुनै पनि घटना नघटेको', 60),
	(194, 1, 'छ', 61),
	(195, 2, 'छैन', 61),
	(196, 1, 'व्यवसायको लागि', 62),
	(197, 2, 'परिवारको लागि', 62),
	(198, 1, 'छ', 63),
	(199, 2, 'छैन', 63),
	(200, 1, 'बधुवा', 64),
	(201, 2, 'चरन', 64),
	(202, 1, 'छ', 65),
	(203, 2, 'छैन', 65),
	(204, 1, 'समुहमा', 66),
	(205, 2, 'सहकारीमा', 66),
	(206, 1, 'आफ्नै (आना)', 67),
	(207, 2, 'भाडामा (आना)', 67),
	(208, 1, 'पक्की', 68),
	(209, 3, 'टहरो', 68),
	(210, 1, 'दाना', 69),
	(211, 2, 'घाँस', 69),
	(212, 3, 'पराल', 69),
	(213, 4, 'भुस', 69),
	(214, 1, 'परिवारको (सङ्ख्या)', 70),
	(215, 2, 'अन्य (सङ्ख्या)', 70),
	(216, 1, 'छ', 73),
	(217, 2, 'छैन', 73),
	(218, 1, 'स्थायी जन्म', 74),
	(219, 2, 'बसाइसराइ', 74),
	(220, 1, 'छ', 76),
	(221, 2, 'छैन', 76),
	(222, 1, 'छ', 77),
	(223, 2, 'छैन', 77),
	(224, 1, 'आफ्नै (आना) ', 78),
	(225, 2, 'भाडामा (आना) ', 78),
	(226, 1, 'कृषक समुह', 79),
	(227, 2, 'कृषि सहकारी', 79),
	(228, 3, 'छैन', 79),
	(229, 1, 'धान', 80),
	(230, 2, 'मकै', 80),
	(231, 3, 'गहु', 80),
	(232, 4, 'कोदो', 80),
	(233, 5, 'जौ', 80),
	(234, 6, 'फापर', 80),
	(235, 1, 'तेलहन', 81),
	(236, 2, 'आलु', 81),
	(237, 3, 'उखु', 81),
	(238, 4, 'चिया', 81),
	(239, 5, 'कफि', 81),
	(240, 6, 'अलैँचि', 81),
	(241, 7, 'अदुवा', 81),
	(242, 8, 'प्याज', 81),
	(243, 9, 'लसुन', 81),
	(244, 10, 'बेसार', 81),
	(245, 1, 'मुसुरो', 82),
	(246, 2, 'चना', 82),
	(247, 3, 'भटमास', 82),
	(248, 4, 'मास', 82),
	(249, 5, 'गहत', 82),
	(250, 6, 'अन्य', 82),
	(251, 1, 'सुन्तला', 83),
	(252, 2, 'कागति', 83),
	(253, 3, 'हलुवावेद', 83),
	(254, 4, 'लप्सी', 83),
	(255, 5, 'किवी', 83),
	(256, 6, 'हाडे ओखर', 83),
	(257, 7, 'स्ट्रोबेरी', 83),
	(258, 8, 'अन्य', 83),
	(259, 1, 'गोलभेडा', 84),
	(260, 2, 'काउली', 84),
	(261, 3, 'बोडी, सिमी', 84),
	(262, 4, 'भन्टा', 84),
	(263, 5, 'केराउ', 84),
	(264, 6, 'बन्दा', 84),
	(265, 7, 'कुरीलो', 84),
	(266, 8, 'करेला', 84),
	(267, 9, 'साग (रायो, पालुङ्ग, चम्सुर)', 84),
	(268, 10, 'मुला', 84),
	(269, 11, 'काँक्रो', 84),
	(270, 12, 'गाँजर', 84),
	(271, 13, 'फर्सि, लौका, घिरौला', 84),
	(272, 14, 'अन्य', 84),
	(273, 1, 'पुष्प खेति', 85),
	(274, 2, 'कन्ये च्याउ', 85),
	(275, 3, 'गोब्रे च्याउ', 85),
	(276, 4, 'सिताके च्याउ', 85),
	(277, 5, 'अन्य', 85),
	(278, 1, 'छ', 86),
	(279, 2, 'छैन', 86),
	(280, 1, 'छ', 87),
	(281, 2, 'छैन', 87),
	(282, 1, 'आफ्नै (आना)', 88),
	(283, 2, 'भाडामा (आना)', 88),
	(284, 1, 'छ', 89),
	(285, 2, 'छैन', 89),
	(286, 1, 'सेरेना', 90),
	(287, 2, 'मेलिफेरा', 90),
	(288, 1, 'परिवारका सदस्य', 92),
	(289, 2, 'अन्य', 92),
	(290, 3, 'छैन', 62),
	(291, 3, 'छैन', 64),
	(292, 3, 'छैन', 66),
	(293, 3, 'छैन', 67),
	(294, 2, 'कच्ची', 68),
	(295, 4, 'छैन', 68),
	(296, 5, 'छैन', 69),
	(297, 3, 'छैन', 70),
	(298, 3, 'छैन', 78),
	(299, 7, 'छैन', 80),
	(300, 11, 'छैन', 81),
	(301, 7, 'छैन', 82),
	(302, 9, 'छैन', 83),
	(303, 15, 'छैन', 84),
	(304, 6, 'छैन', 85),
	(305, 3, 'छैन', 88),
	(306, 3, 'छैन', 90),
	(307, 3, 'छैन', 92),
	(308, 3, 'अस्थायी', 74),
	(309, 4, 'बसाइसराइ नभएको', 74);

	

INSERT INTO `question` (`id`, `indx`, `question_id`, `description`, `group`, `required`, `type_id`, `form_id`, `reportable`) VALUES
	(1, 1, 'Owner_name', 'घरमूलीको नाम', 'घर विवरण', 2, 3, 1, b'0'),
	(2, 2, 'Tole', 'टोल', 'घर विवरण', 2, 3, 1, b'0'),
	(3, 3, 'resident_ward_no', 'वडा नं', 'घर विवरण', 2, 15, 1, b'0'),
	(4, 4, 'House_no', 'घर नं', 'घर विवरण', 2, 4, 1, b'0'),
	(5, 5, 'Phone_no', 'फोन नं', 'घर विवरण', 1, 4, 1, b'0'),
	(6, 6, 'Father_name', 'बुबाको नाम', 'घर विवरण', 2, 3, 1, b'0'),
	(7, 7, 'Mother_name', 'आमाको नाम', 'घर विवरण', 2, 3, 1, b'0'),
	(8, 8, 'Mother_togue', 'मातृभाषा', 'घर विवरण', 2, 13, 1, b'1'),
	(9, 9, 'Caste', 'जाति', 'घर विवरण', 2, 13, 1, b'1'),
	(10, 10, 'Religion', 'धर्म', 'घर विवरण', 2, 13, 1, b'1'),
	(11, 12, 'Citizenship_no', 'नागरिकता नं', 'घर विवरण', 2, 3, 1, b'0'),
	(12, 13, 'citizenship_district', 'नागरिकता लिएको जिल्ला', 'घर विवरण', 2, 14, 1, b'0'),
	(13, 14, 'kitta_number', 'कित्ता नं', 'घर विवरण', 2, 4, 1, b'0'),
	(14, 15, 'house_count', 'घर संख्या', 'घर विवरण', 2, 4, 1, b'0'),
	(15, 19, 'business', 'व्यवसाय', 'घर विवरण', 1, 3, 1, b'0'),
	(16, 20, 'businessman', 'व्यवसायी', 'घर विवरण', 1, 3, 1, b'0'),
	(17, 21, 'bphone_no', 'फोन नं', 'घर विवरण', 1, 4, 1, b'0'),
	(18, 16, 'house_storey', 'घरको तल्ला', 'घर विवरण', 2, 4, 1, b'0'),
	(19, 22, 'water', 'पानी', 'घर विवरण', 2, 1, 1, b'0'),
	(20, 23, 'outlet', 'निकास', 'घर विवरण', 2, 1, 1, b'0'),
	(21, 25, 'vehicle', 'सवारी साधन', 'घर विवरण', 2, 12, 1, b'1'),
	(22, 17, 'Roof_type', 'घरको छानाको प्रकार', 'घर विवरण', 2, 2, 1, b'0'),
	(23, 18, 'foundation_type', 'घरको जगको प्रकार', 'घर विवरण', 2, 2, 1, b'0'),
	(24, 35, 'EQ_proof', 'घर भुकम्प प्रतिरोधात्मक', 'जोखिम', 2, 2, 1, b'0'),
	(25, 36, 'EQ_Effect', 'तपाईको घर वा परिवारलाई २०७२ सालको भुकम्पले के-कस्तो क्षेती पुर्यायो?', 'जोखिम', 2, 1, 1, b'0'),
	(26, 37, 'Re_construction', 'घर क्षती भएको भए पुनः निर्माण गर्नु भयो?', 'जोखिम', 1, 2, 1, b'0'),
	(27, 38, 'Risk_type', 'तपाईको घर परिवारलाई अहिले कुनै प्रकारको जोखिम छ?', 'जोखिम', 2, 9, 1, b'0'),
	(28, 39, 'Rescuer_first', 'जोखिमको समयमा सबैभन्दा पहिलो उद्धार कसले गरेको थियो?', 'जोखिम', 2, 2, 1, b'0'),
	(29, 40, 'Risk_type_5yrs', 'पछिल्लो ५ वर्षमा तपाईको घर परिवारले कस्तो किसिमका जोखिम सामना गर्नु पर्यो?', 'जोखिम', 1, 3, 1, b'0'),
	(30, 41, 'Risks_rating', 'तपाईको विचारमा यस क्षेत्रमा तलका मध्ये कुन-कुन जोखिमको खतरा उच्च छ? (१ देखि ७ सम्म स्तरीकरण गर्नुहोस्। १ लाई उच्च र ७ लाई न्युन जोखिम मान्नुहोस्) ', 'जोखिम', 2, 10, 1, b'0'),
	(31, 42, 'Risk_precautions', 'भविष्यमा हुन सक्ने जोखिम नियन्त्रणको लागि के-कस्तो पुर्व तयारी गर्नु भएको छ?', 'जोखिम', 2, 9, 1, b'0'),
	(32, 26, 'Foreign_employment', 'वैदेशिक रोजगार', 'घर विवरण', 2, 12, 1, b'1'),
	(33, 27, 'Foreign_education', 'वैदेशिक अध्ययन', 'घर विवरण', 2, 12, 1, b'1'),
	(34, 43, 'child_labour', '१६ वर्ष सम्मका बालबालिका अन्य ठाँउमा काम गर्न गएका छन्?', 'बालबालिका', 2, 1, 1, b'0'),
	(35, 29, 'waste_management', 'घरबाट उत्पादन भएको फोहोरको ब्यबस्था', 'घर विवरण', 2, 1, 1, b'1'),
	(36, 24, 'electricity', 'बत्ती', 'घर विवरण', 2, 1, 1, b'0'),
	(37, 28, 'cooking_fuel', 'खाना पकाउन पर्योग हुने इन्धन', 'घर विवरण', 2, 1, 1, b'1'),
	(38, 30, 'communication_devices', 'सञ्चार सुविधा', 'घर विवरण', 2, 1, 1, b'0'),
	(39, 31, 'Houseland_info', 'घर जग्गाको विवरण', 'घर विवरण', 2, 2, 1, b'0'),
	(40, 32, 'annual_income', 'वार्षिक आम्दानी', 'घर विवरण', 2, 2, 1, b'1'),
	(41, 33, 'annual_expense', 'वार्षिक खर्च', 'घर विवरण', 2, 2, 1, b'1'),
	(42, 76, 'cattles', 'चौपाया तथा पशुपंक्षी', 'पशुपन्छी', 2, 12, 1, b'1'),
	(43, 34, 'production_lasting_time', 'आफ्नो उत्पादन तथा आय स्रोतले कति महिना खान पुग्छ?', 'घर विवरण', 2, 2, 1, b'0'),
	(44, 72, 'agr_aanual_expense', 'कृषि गर्नको लागि बार्षिक खर्च कति लाग्छ?', 'कृषि', 1, 4, 1, b'0'),
	(45, 73, 'agr_annual_income', 'कृषिबाट बार्षिक आम्दानी कति जति हुन्छ?', 'कृषि', 1, 4, 1, b'0'),
	(46, 87, 'citizenship_photo', 'नागरिकताको फोटो', 'अन्य', 1, 7, 1, b'0'),
	(47, 88, 'relationship_proof_photo', 'नाता प्रमाण-पत्रको फोटो', 'अन्य', 1, 7, 1, b'0'),
	(48, 89, 'building_map_photo', 'पास भएको घरको नक्साको फोटो', 'अन्य', 1, 7, 1, b'0'),
	(49, 90, 'other_document_photo', 'अन्य कागजातको फोटो', 'अन्य', 1, 7, 1, b'0'),
	(50, 91, 'gps_info', 'GPS co-ordinate', 'अन्य', 1, 6, 1, b'0'),
	(51, 92, 'house_owner_photo', 'Photo of house owner', 'अन्य', 2, 7, 1, b'0'),
	(52, 44, 'physical_mental_male', 'तपाईको परिवारमा १८ वर्षभन्दा कम उमेरका भिन्न शारीरिक तथा मानसिक क्षमता भएका(अपाङ्ग) सदस्यहरु (बालक)', 'बालबालिका', 2, 12, 1, b'1'),
	(53, 45, 'physical_mental_female', 'तपाईको परिवारमा १८ वर्षभन्दा कम उमेरका भिन्न शारीरिक तथा मानसिक क्षमता भएका(अपाङ्ग) सदस्यहरु (बालिका)', 'बालबालिका', 2, 12, 1, b'1'),
	(54, 46, 'primary_health_service', 'परिवारको कुनै सदस्य विरामी भएमा उपचारका लागि सबैभन्दा पहिला कहाँ जानुहुन्छ?', 'बालबालिका', 2, 2, 1, b'1'),
	(55, 47, 'school_leaving_children', 'बिचैमा विद्यालय जान छोडेका ६ - १५ वर्ष उमेर समुहका बालबालिकाहरुका संख्या', 'बालबालिका', 2, 12, 1, b'1'),
	(56, 48, 'playgroup_children', 'बाल विकास केन्द्र वा पुर्व प्रा.वि. तहमा जाने ३ देखि ५ वर्षसम्मका बालबालिका संख्या', 'बालबालिका', 2, 12, 1, b'1'),
	(57, 49, 'children_mistake', 'तपाईको परिवारमा बालबालिकाले गल्ति गरेमा के गर्नु हुन्छ?', 'बालबालिका', 2, 1, 1, b'1'),
	(58, 50, 'children_street', 'तपाईको परिवारका कुनै बालबालिका सडक बालबालिकाको रुपमा रहेका छन्?', 'बालबालिका', 2, 2, 1, b'0'),
	(59, 51, 'children_school_disabilities', 'तपाईको परिवारका बालबालिका पढ्ने विद्यालायमा भिन्न शारीरिक क्षमता भएका विद्यार्थीका लागि विशेष शिक्षाको सुविधा छ?', 'बालबालिका', 2, 2, 1, b'0'),
	(60, 52, 'violence_women_children', 'एक वर्षभित्र तपाईको परिवारमा महिला तथा बालबालिका उपर हिंसा सम्बन्धी निम्न कुनै घटना घटेका छन/छैनन्?', 'बालबालिका', 2, 1, 1, b'1'),
	(61, 53, 'child_mortality_les_5_year', 'बितेको १ वर्षभित्र तपाईको परिवारमा ५ वर्षमुनिका कुनै बालबालिकाको मृत्यु भएको छ?', 'बालबालिका', 2, 9, 1, b'1'),
	(62, 74, 'animal_husbandary_reason', 'पशुपन्छी पालेकोः', 'पशुपन्छी', 1, 2, 1, b'0'),
	(63, 75, 'husbandary_registered', 'व्यवसाय दर्ता भएको', 'पशुपन्छी', 1, 2, 1, b'0'),
	(64, 77, 'animals_type', 'पशुपन्छी पालनको किसिम', 'पशुपन्छी', 1, 1, 1, b'0'),
	(65, 78, 'animal_vaccination', 'पशुपन्छीलाई रोग विरुद्ध खोप लगाउनु भएको', 'पशुपन्छी', 1, 2, 1, b'0'),
	(66, 79, 'animal_group_involvement', 'पशुपन्छी पालन समुह आवद्धताः', 'पशुपन्छी', 1, 1, 1, b'0'),
	(67, 80, 'husbandary_land_details', 'व्यवसाय गर्न प्रयोग भएको जग्गाको विवरणः', 'पशुपन्छी', 1, 12, 1, b'0'),
	(68, 81, 'barn_type', 'गोठको प्रकार', 'पशुपन्छी', 1, 2, 1, b'0'),
	(69, 82, 'animal_food', 'पशुपन्छीलाई आवश्यक खाद्यान्न ', 'पशुपन्छी', 1, 1, 1, b'0'),
	(70, 83, 'animal_workers', 'काम गर्ने कर्मचारीहरु', 'पशुपन्छी', 1, 12, 1, b'0'),
	(71, 84, 'husbandary_annual_expense', 'पशुपन्छी पालनमा जम्मा वार्षिक खर्च', 'पशुपन्छी', 1, 4, 1, b'0'),
	(72, 85, 'husbandary_annual_income', 'पशुपन्छी पालनबाट वार्षिक आम्दानी', 'पशुपन्छी', 1, 4, 1, b'0'),
	(73, 86, 'animal_insurance', 'पशु बिमा गर्नुभएको ', 'पशुपन्छी', 1, 2, 1, b'0'),
	(74, 11, 'permanent_address', 'स्थायी ठेगाना ', 'घर विवरण', 2, 2, 1, b'1'),
	(75, 54, 'business_firm_name', 'व्यवसाय फार्मको नाम ', 'कृषि', 1, 3, 1, b'0'),
	(76, 55, 'firm_registered', 'व्यवसाय फार्म दर्ता गरेको छ वा छैन ', 'कृषि', 1, 2, 1, b'0'),
	(77, 56, 'crop_insurance', 'बाली बिमा गरेको छ वा छैन ', 'कृषि', 1, 2, 1, b'0'),
	(78, 57, 'agriculture_land_ownership', 'कृषि गर्न प्रयोग भएको जग्गाः ', 'कृषि', 1, 12, 1, b'0'),
	(79, 58, 'agr_group_involvement', 'व्यवसाय फार्म कुनै समुहमा आवद्ध भएको  ', 'कृषि', 1, 2, 1, b'0'),
	(80, 59, 'food_crops', 'खाद्दान्न बाली', 'कृषि', 1, 1, 1, b'1'),
	(81, 60, 'cash_crops', 'नगदे बाली', 'कृषि', 1, 1, 1, b'1'),
	(82, 61, 'daha_crops', 'दह बाली', 'कृषि', 1, 1, 1, b'1'),
	(83, 62, 'fruits', 'फलफुल', 'कृषि', 1, 1, 1, b'1'),
	(84, 63, 'veggies', 'तरकारी बाली', 'कृषि', 1, 1, 1, b'1'),
	(85, 64, '‍shrooms', 'अन्य बाली (पुष्प खेति, च्याउ)', 'कृषि', 1, 1, 1, b'1'),
	(86, 65, '‍non_seasonal_crops', 'बेमौसमी खेति गरिऐको बालिको नाम ', 'कृषि', 2, 9, 1, b'0'),
	(87, 66, '‍plastic_house', 'प्लाष्टिक घर बनाएको(छ भने सङ्ख्या) ', 'कृषि', 2, 9, 1, b'0'),
	(88, 67, '‍non_seasonal_agr_land', 'बेमौसमी खेति गरिएको जग्गा ', 'कृषि', 1, 12, 1, b'0'),
	(89, 68, '‍bee_keeping', 'मौरीपालन गर्नु भएको छ? (भए मौरीघार कति) ', 'कृषि', 1, 12, 1, b'0'),
	(90, 69, '‍bee_species', 'मौरीपालन कुन जातकोः ', 'कृषि', 1, 1, 1, b'0'),
	(91, 70, '‍annual_honey_production', 'वार्षिक मह उत्पादन (के.जी)', 'कृषि', 1, 4, 1, b'0'),
	(92, 71, '‍agr_manpower_number', 'काम गर्ने कर्मचारीहरु कति छन ? ', 'कृषि', 1, 12, 1, b'0');


	

	INSERT INTO `differently_abled` (`id`, `differently_abled_nep`, `differently_abled_eng`) VALUES
	(1, 'शारीरिक', 'Physical'),
	(2, 'दृष्टि सम्बन्धी', 'Sight related'),
	(3, 'सुनाइ सम्बन्धी', 'Hearing Related'),
	(4, 'स्वर/बोलाइ सम्बन्धी', 'Voice Related'),
	(5, 'मानसिक', 'Mental'),
	(6, 'बहुअपाङ्गता', 'Multiple Disabilities'),
	(7, 'छैन', 'No');



INSERT INTO `family_relation` (`relation_id`, `relation_nepali`, `relation_english`) VALUES
	(1, 'आफु', 'Self'),
	(2, 'हजुर बुबा', 'Grandfather'),
	(3, 'हजुर आमा', 'Grandmother'),
	(4, 'बुबा', 'Father'),
	(5, 'आमा', 'Mother'),
	(6, 'श्रीमान', 'Husband'),
	(7, 'श्रीमती', 'Wife'),
	(8, 'छोरा', 'Son'),
	(9, 'छोरी', 'Daughter'),
	(10, 'नाति', 'Grandson'),
	(11, 'नातिनी', 'Granddaughter'),
	(12, 'दाइ', 'Brother(elder)'),
	(13, 'भाइ', 'Brother(younger)'),
	(14, 'दिदी', 'Sister(elder)'),
	(15, 'बहिनी', 'Sister(younger)'),
	(16, 'बुहारी', 'Daughter-in-law'),
	(17, 'ज्वाँइ', 'Son-in-law'),
	(18, 'भाउजु', 'Sister-in-law'),
	(19, 'भान्जा ', 'Nephew (Maternal)'),
	(20, 'भान्जी', 'Niece (Maternal)'),
	(21, 'भतिजा', 'Nephew (Paternal)'),
	(22, 'भतिजी', 'Niece (Paternal)'),
	(23, 'सासु', 'Mother-in-law'),
	(24, 'ससुरा', 'Father-in-law'),
	(25, 'अन्य', 'other');


	INSERT INTO `academic_qualification` (`qualification_id`, `qualification_nep`, `qualification_eng`) VALUES
	(1, 'पिएचडि', 'phd'),
	(2, 'एमफिल', 'mphil'),
	(3, 'मास्टर डिग्री(स्नातकोत्तर)', 'masters'),
	(4, 'स्नातक', 'bachelors'),
	(5, 'उच्च विद्यालय', 'high school'),
	(6, 'माध्यामिक', 'secondary'),
	(7, 'तल्लो माध्यामिक', 'lower secondary'),
	(8, 'प्राथमिक', 'primary'),
	(9, 'सामान्य शिक्षा', 'literate'),
	(10, 'असाक्षर', 'Iliterate');


	INSERT INTO `gender` (`gender_id`, `gender_english`, `gender_nepali`) VALUES
	(1, 'Male', 'पुरुष'),
	(2, 'Female', 'महिला'),
	(3, 'Other', 'अन्य');
	
	
	INSERT INTO `districts` (`district_id`, `district_name_eng`, `district_name_nep`) VALUES 
	(1,'Achham','अछाम'),
	(2,'Arghakhanchi','अर्घाखाँची'),
	(3,'Baglung','बागलुङ'),
	(4,'Baitadi','बैतडी'),
	(5,'Bajhang','बझाङ'),
	(6,'Bajura','बाजुरा '),
	(7,'Banke','बाँके'),
	(8,'Bara','बारा'),
	(9,'Bardiya','बर्दिया'),
	(10,'Bhaktapur','भक्तपुर'),
	(11,'Bhojpur','भोजपुर'),
	(12,'Chitwan','चितवन'),
	(13,'Dadeldhura','डडेलधुरा'),
	(14,'Dailekh','दैलेख'),
	(15,'Dang Deukhuri','दाङ देउखुरी'),
	(16,'Darchula','दार्चुला'),
	(17,'Dhading','धादिङ '),
	(18,'Dhankuta','धनकुटा'),
	(19,'Dhanusa','धनुषा'),
	(20,'Dolakha','दोलखा'),
	(21,'Dolpa','डोल्पा'),
	(22,'Doti','डोटी'),
	(23,'Gorkha','गोरखा'),
	(24,'Gulmi','गुल्मी'),
	(25,'Humla','हुम्ला'),
	(26,'Ilam','इलाम'),
	(27,'Jajarkot','जाजरकोट'),
	(28,'Jhapa','झापा'),
	(29,'Jumla','जुम्ला'),
	(30,'Kailali','कैलाली'),
	(31,'Kalikot','कालिकोट'),
	(32,'Kanchanpur','कंचनपुर '),
	(33,'Kapilvastu','कपिलवस्तु '),
	(34,'Kaski','कास्की'),
	(35,'Kathmandu','काठमाडौँ'),
	(36,'Kavrepalanchok','काभ्रेकाभ्रेपलान्चोक'),
	(37,'Khotang','खोटाँग'),
	(38,'Lalitpur','ललितपुर'),
	(39,'Lamjung','लमजुङ'),
	(40,'Mahottari','महोत्तरी'),
	(41,'Makwanpur','मकवानपुर'),
	(42,'Manang','मनाङ'),
	(43,'Morang','मोरंग'),
	(44,'Mugu','मुगु'),
	(45,'Mustang','मुस्ताङ'),
	(46,'Myagdi','म्याग्दी'),
	(47,'Nawalparasi East','नवलपरासी पूर्व'),
	(48,'Nawalparasi West','नवलपरासी पश्चिम'),
	(49,'Nuwakot','नुवाकोट'),
	(50,'Okhaldhunga','ओखलढुंगा'),
	(51,'Palpa','पाल्पा'),
	(52,'Panchthar','पांचथर'),
	(53,'Parbat','पर्वत'),
	(54,'Parsa','पर्सा'),
	(55,'Pyuthan','प्युठान'),
	(56,'Ramechhap','रामेछाप'),
	(57,'Rasuwa','रसुवा'),
	(58,'Rautahat','रौतहट'),
	(59,'Rolpa','रोल्पा'),
	(60,'Rukum East','रूकुम पूर्वी'),
	(61,'Rukum West','रूकुम पश्चिम'),
	(62,'Rupandehi','रुपन्देही'),
	(63,'Salyan','सल्यान '),
	(64,'Sankhuwasabha','संखुवासभा'),
	(65,'Saptari','सप्तरी'),
	(66,'Sarlahi','सर्लाही'),
	(67,'Sindhuli','सिन्धुली'),
	(68,'Sindhupalchok','सिन्धुपाल्चोक'),
	(69,'Siraha','सिराहा'),
	(70,'Solukhumbu','सोलुखुम्बू'),
	(71,'Sunsari','सुनसरी'),
	(72,'Surkhet','सुर्खेत'),
	(73,'Syangja','स्याङग्जा'),
	(74,'Tanahu','तनहुँ'),
	(75,'Taplejung','ताप्लेजुंग'),
	(76,'Tehrathum','तेह्रथुम'),
	(77,'Udayapur','उदयपुर');
	
	
	INSERT INTO `ward` (`id`, `ward_number`, `location`, `name`, `ward_description`, `main_person`, `contact_no`) VALUES ('1', 1, 'xxxx', 'xxxx', 'xxxx', 'xxxxx', 'xxxxx');
	INSERT INTO `ward` (`id`, `ward_number`, `location`, `name`, `ward_description`, `main_person`, `contact_no`) VALUES ('2', 2, 'xxxx', 'xxxx', 'xxxx', 'xxxxx', 'xxxxx');
	INSERT INTO `ward` (`ward_number`, `location`, `name`, `ward_description`, `main_person`, `contact_no`) VALUES (3, 'xxxx', 'xxxx', 'xxxx', 'xxxxx', 'xxxxx');
	INSERT INTO `ward` (`ward_number`, `location`, `name`, `ward_description`, `main_person`, `contact_no`) VALUES (4, 'xxxx', 'xxxx', 'xxxx', 'xxxxx', 'xxxxx');
	INSERT INTO `ward` (`ward_number`, `location`, `name`, `ward_description`, `main_person`, `contact_no`) VALUES (5, 'xxxx', 'xxxx', 'xxxx', 'xxxxx', 'xxxxx');
	INSERT INTO `ward` (`ward_number`, `location`, `name`, `ward_description`, `main_person`, `contact_no`) VALUES (6, 'xxxx', 'xxxx', 'xxxx', 'xxxxx', 'xxxxx');
	INSERT INTO `ward` (`ward_number`, `location`, `name`, `ward_description`, `main_person`, `contact_no`) VALUES (7, 'xxxx', 'xxxx', 'xxxx', 'xxxxx', 'xxxxx');
	INSERT INTO `ward` (`ward_number`, `location`, `name`, `ward_description`, `main_person`, `contact_no`) VALUES (8, 'xxxx', 'xxxx', 'xxxx', 'xxxxx', 'xxxxx');
	INSERT INTO `ward` (`ward_number`, `location`, `name`, `ward_description`, `main_person`, `contact_no`) VALUES (9, 'xxxx', 'xxxx', 'xxxx', 'xxxxx', 'xxxxx');
	INSERT INTO `ward` (`ward_number`, `location`, `name`, `ward_description`, `main_person`, `contact_no`) VALUES (10, 'xxxx', 'xxxx', 'xxxx', 'xxxxx', 'xxxxx');
	INSERT INTO `ward` (`ward_number`, `location`, `name`, `ward_description`, `main_person`, `contact_no`) VALUES (11, 'xxxx', 'xxxx', 'xxxx', 'xxxxx', 'xxxxx');
	INSERT INTO `ward` (`ward_number`, `location`, `name`, `ward_description`, `main_person`, `contact_no`) VALUES (12, 'xxxx', 'xxxx', 'xxxx', 'xxxxx', 'xxxxx');
	INSERT INTO `ward` (`ward_number`, `location`, `name`, `ward_description`, `main_person`, `contact_no`) VALUES (13, 'xxxx', 'xxxx', 'xxxx', 'xxxxx', 'xxxxx');
	INSERT INTO `ward` (`ward_number`, `location`, `name`, `ward_description`, `main_person`, `contact_no`) VALUES (14, 'xxxx', 'xxxx', 'xxxx', 'xxxxx', 'xxxxx');


	INSERT INTO `favourite_place_type` (`type_id`, `place_type_nep`, `place_type_eng`) VALUES
	(1, 'मन्दिर', 'Temple'),
	(2, 'पार्क', 'Park'),
	(3, 'पोखरी', 'Pond'),
	(4, 'इनार/ पँधेरी', 'well/watches'),
	(5, 'स्तुपा/मूति', 'Statue'),
	(6, 'विद्यालय', 'School'),
	(7, 'संघ/संस्था', 'Organization'),
	(8, 'गुँठी', 'Guthi'),
	(9, 'अन्य', 'Other');

	INSERT INTO ipalika.status_level (type_id, type_name) VALUES (1, 'UNVERIFIED');
    INSERT INTO ipalika.status_level (type_id, type_name) VALUES (2, 'STAMPED');
    INSERT INTO ipalika.status_level (type_id, type_name) VALUES (3, 'REGISTERED');
    INSERT INTO ipalika.status_level (type_id, type_name) VALUES (4, 'PROCESSED');
    INSERT INTO ipalika.status_level (type_id, type_name) VALUES (5, 'VERIFIED');
    INSERT INTO ipalika.status_level (type_id, type_name) VALUES (6, 'PRINT');
	
		
	INSERT INTO `marital_status` (`marital_status_id`, `marital_status_nep`, `marital_status_eng`) VALUES
	(1, 'विवाहित', 'Married'),
	(2, 'अविवाहित', 'Single'),
	(3, 'एकल महिला', 'Single Woman'),
	(4, 'एकल पुरुष', 'Single Man');
	

-- Dumping data for table ipalika.lg_districts: ~77 rows (approximately)
/*!40000 ALTER TABLE `lg_districts` DISABLE KEYS */;
INSERT INTO `lg_districts` (`district_id`, `district_name`, `province_id`, `disabled`) VALUES
	(1, 'Achham', 7, b'0'),
	(2, 'Arghakhanchi', 5, b'0'),
	(3, 'Baglung', 4, b'0'),
	(4, 'Baitadi', 7, b'0'),
	(5, 'Bajhang', 7, b'0'),
	(6, 'Bajura', 7, b'0'),
	(7, 'Banke', 5, b'0'),
	(8, 'Bara', 2, b'0'),
	(9, 'Bardiya', 5, b'0'),
	(10, 'Bhaktapur', 3, b'0'),
	(11, 'Bhojpur', 1, b'0'),
	(12, 'Chitwan', 3, b'0'),
	(13, 'Dadeldhura', 2, b'0'),
	(14, 'Dailekh', 6, b'0'),
	(15, 'Dang Deukhuri', 5, b'0'),
	(16, 'Darchula', 7, b'0'),
	(17, 'Dhading', 3, b'0'),
	(18, 'Dhankuta', 1, b'0'),
	(19, 'Dhanusa', 2, b'0'),
	(20, 'Dolakha', 3, b'0'),
	(21, 'Dolpa', 6, b'0'),
	(22, 'Doti', 7, b'0'),
	(23, 'Gorkha', 4, b'0'),
	(24, 'Gulmi', 5, b'0'),
	(25, 'Humla', 6, b'0'),
	(26, 'Ilam', 1, b'0'),
	(27, 'Jajarkot', 6, b'0'),
	(28, 'Jhapa', 1, b'0'),
	(29, 'Jumla', 6, b'0'),
	(30, 'Kailali', 7, b'0'),
	(31, 'Kalikot', 6, b'0'),
	(32, 'Kanchanpur', 7, b'0'),
	(33, 'Kapilvastu', 5, b'0'),
	(34, 'Kaski', 4, b'0'),
	(35, 'Kathmandu', 3, b'0'),
	(36, 'Kavrepalanchok', 3, b'0'),
	(37, 'Khotang', 1, b'0'),
	(38, 'Lalitpur', 3, b'0'),
	(39, 'Lamjung', 4, b'0'),
	(40, 'Mahottari', 2, b'0'),
	(41, 'Makwanpur', 3, b'0'),
	(42, 'Manang', 4, b'0'),
	(43, 'Morang', 1, b'0'),
	(44, 'Mugu', 6, b'0'),
	(45, 'Mustang', 4, b'0'),
	(46, 'Myagdi', 4, b'0'),
	(47, 'Nawalparasi East (Nawalpur)', 4, b'0'),
	(48, 'Nawalparasi West (Parasi)', 5, b'0'),
	(49, 'Nuwakot', 3, b'0'),
	(50, 'Okhaldhunga', 1, b'0'),
	(51, 'Palpa', 5, b'0'),
	(52, 'Panchthar', 1, b'0'),
	(53, 'Parbat', 4, b'0'),
	(54, 'Parsa', 2, b'0'),
	(55, 'Pyuthan', 5, b'0'),
	(56, 'Ramechhap', 3, b'0'),
	(57, 'Rasuwa', 3, b'0'),
	(58, 'Rautahat', 2, b'0'),
	(59, 'Rolpa', 5, b'0'),
	(60, 'Rukum East', 5, b'0'),
	(61, 'Rukum West', 6, b'0'),
	(62, 'Rupandehi', 5, b'0'),
	(63, 'Salyan', 6, b'0'),
	(64, 'Sankhuwasabha', 1, b'0'),
	(65, 'Saptari', 2, b'0'),
	(66, 'Sarlahi', 2, b'0'),
	(67, 'Sindhuli', 3, b'0'),
	(68, 'Sindhupalchok', 3, b'0'),
	(69, 'Siraha', 2, b'0'),
	(70, 'Solukhumbu', 1, b'0'),
	(71, 'Sunsari', 1, b'0'),
	(72, 'Surkhet', 6, b'0'),
	(73, 'Syangja', 4, b'0'),
	(74, 'Tanahun', 4, b'0'),
	(75, 'Taplejung', 1, b'0'),
	(76, 'Tehrathum', 1, b'0'),
	(77, 'Udayapur', 1, b'0');
/*!40000 ALTER TABLE `lg_districts` ENABLE KEYS */;



-- Dumping data for table ipalika.lg_municipality: ~21 rows (approximately)
/*!40000 ALTER TABLE `lg_municipality` DISABLE KEYS */;
INSERT INTO `lg_municipality` (`municipality_id`, `municipality_name`, `province_id`, `district_id`, `disabled`) VALUES
	(1, 'Kathmandu Metropolitan City', 3, 35, b'0'),
	(2, 'Budanilkantha Municipality', 3, 35, b'0'),
	(3, 'Chandragiri Municipality', 3, 35, b'0'),
	(4, 'Dakshinkali Municipality', 3, 35, b'0'),
	(5, 'Gokarneshwar Municipality', 3, 35, b'0'),
	(6, 'Kageshwari Manohara Municipality', 3, 35, b'0'),
	(7, 'Kirtipur Municipality', 3, 35, b'0'),
	(8, 'Nagarjun Municipality', 3, 35, b'0'),
	(9, 'Shankharapur Municipality', 3, 35, b'0'),
	(10, 'Tarakeshwar Municipality', 3, 35, b'0'),
	(11, 'Tokha Municipality', 3, 35, b'0'),
	(12, 'Lalitpur Metropolitan City', 3, 38, b'0'),
	(13, 'Mahalaxmi Municipality', 3, 38, b'0'),
	(14, 'Godawari Municipality', 3, 38, b'0'),
	(15, 'Konjyoson Rural Municipality', 3, 38, b'0'),
	(16, 'Bagmati Rural Municipality', 3, 38, b'0'),
	(17, 'Mahankal Rural Municipality', 3, 38, b'0'),
	(18, 'Bhaktapur Municipality', 3, 10, b'0'),
	(19, 'Changunarayan Municipality', 3, 10, b'0'),
	(20, 'Madhyapur Thimi Municipality', 3, 10, b'0'),
	(21, 'Suryabinayak Municipality', 3, 10, b'0');
/*!40000 ALTER TABLE `lg_municipality` ENABLE KEYS */;


-- Dumping data for table ipalika.lg_province: ~7 rows (approximately)
/*!40000 ALTER TABLE `lg_province` DISABLE KEYS */;
INSERT INTO `lg_province` (`province_id`, `province_name`, `disabled`) VALUES
	(1, 'Province No. 1', b'0'),
	(2, 'Province No. 2', b'0'),
	(3, 'Bagmati Province', b'0'),
	(4, 'Gandaki Province', b'0'),
	(5, 'Lumbini Province', b'0'),
	(6, 'Karnali Province', b'0'),
	(7, 'Sudurpashchim Province', b'0');
/*!40000 ALTER TABLE `lg_province` ENABLE KEYS */;


-- Dumping data for table ipalika.lg_ward: 247 rows
/*!40000 ALTER TABLE `lg_ward` DISABLE KEYS */;
INSERT INTO `lg_ward` (`ward_id`, `ward_description`, `municipality_id`, `disabled`) VALUES
	(1, 'Ward 01 (Naxal)', 1, b'0'),
	(2, 'Ward 02 (Lazimpat)', 1, b'0'),
	(3, 'Ward 03 (Maharajgunj)', 1, b'0'),
	(4, 'Ward 04 (Baluwatar)', 1, b'0'),
	(5, 'Ward 05 (Hadigaun)', 1, b'0'),
	(6, 'Ward 06 (Boudha)', 1, b'0'),
	(7, 'Ward 07 (Mitrapark)', 1, b'0'),
	(8, 'Ward 08 (Pashupati)', 1, b'0'),
	(9, 'Ward 09 (Gaushala)', 1, b'0'),
	(10, 'Ward 10 (Baneshwor)', 1, b'0'),
	(11, 'Ward 11 (Tripureshwor)', 1, b'0'),
	(12, 'Ward 12 (Teku) ', 1, b'0'),
	(13, 'Ward 13 (Kalimati)', 1, b'0'),
	(14, 'Ward 14 (Kalanki)', 1, b'0'),
	(15, 'Ward 15 (Dallu)', 1, b'0'),
	(16, 'Ward 16 (Sorhakhutte)', 1, b'0'),
	(17, 'Ward 17 (Chhetrapati)', 1, b'0'),
	(18, 'Ward 18 (Nardevi)', 1, b'0'),
	(19, 'Ward 19 (Damaitol)', 1, b'0'),
	(20, 'Ward 20 (Bhimshensthan)', 1, b'0'),
	(21, 'Ward 21 (Jaisideval)', 1, b'0'),
	(22, 'Ward 22 (Tevahal)', 1, b'0'),
	(23, 'Ward 23 (Ombahal)', 1, b'0'),
	(24, 'Ward 24 (Makhantole)', 1, b'0'),
	(25, 'Ward 25 (Janabahal)', 1, b'0'),
	(26, 'Ward 26 (Lainchaur)', 1, b'0'),
	(27, 'Ward 27 (Mahaboudha)', 1, b'0'),
	(28, 'Ward 28 (Purano Buspark)', 1, b'0'),
	(29, 'Ward 29 (Dillibazar Pipalbot)', 1, b'0'),
	(30, 'Ward 30 (Gyaneshwor)', 1, b'0'),
	(31, 'Ward 31 (Bhimsengola)', 1, b'0'),
	(32, 'Ward 32 (Koteshwor)', 1, b'0'),
	(33, 'Ward 01', 2, b'0'),
	(34, 'Ward 02', 2, b'0'),
	(35, 'Ward 03', 2, b'0'),
	(36, 'Ward 04', 2, b'0'),
	(37, 'Ward 05', 2, b'0'),
	(38, 'Ward 06', 2, b'0'),
	(39, 'Ward 07', 2, b'0'),
	(40, 'Ward 08', 2, b'0'),
	(41, 'Ward 09', 2, b'0'),
	(42, 'Ward 10', 2, b'0'),
	(43, 'Ward 11', 2, b'0'),
	(44, 'Ward 12', 2, b'0'),
	(45, 'Ward 13', 2, b'0'),
	(46, 'Ward 01', 3, b'0'),
	(47, 'Ward 02', 3, b'0'),
	(48, 'Ward 03', 3, b'0'),
	(49, 'Ward 04', 3, b'0'),
	(50, 'Ward 05', 3, b'0'),
	(51, 'Ward 06', 3, b'0'),
	(52, 'Ward 07', 3, b'0'),
	(53, 'Ward 08', 3, b'0'),
	(54, 'Ward 09', 3, b'0'),
	(55, 'Ward 10', 3, b'0'),
	(56, 'Ward 11', 3, b'0'),
	(57, 'Ward 12', 3, b'0'),
	(58, 'Ward 13', 3, b'0'),
	(59, 'Ward 14', 3, b'0'),
	(60, 'Ward 15', 3, b'0'),
	(61, 'Ward 01', 4, b'0'),
	(62, 'Ward 02', 4, b'0'),
	(63, 'Ward 03', 4, b'0'),
	(64, 'Ward 04', 4, b'0'),
	(65, 'Ward 05', 4, b'0'),
	(66, 'Ward 06', 4, b'0'),
	(67, 'Ward 07', 4, b'0'),
	(68, 'Ward 08', 4, b'0'),
	(69, 'Ward 09', 4, b'0'),
	(70, 'Ward 01', 5, b'0'),
	(71, 'Ward 02', 5, b'0'),
	(72, 'Ward 03', 5, b'0'),
	(73, 'Ward 04', 5, b'0'),
	(74, 'Ward 05', 5, b'0'),
	(75, 'Ward 06', 5, b'0'),
	(76, 'Ward 07', 5, b'0'),
	(77, 'Ward 08', 5, b'0'),
	(78, 'Ward 09', 5, b'0'),
	(79, 'Ward 01', 6, b'0'),
	(80, 'Ward 02', 6, b'0'),
	(81, 'Ward 03', 6, b'0'),
	(82, 'Ward 04', 6, b'0'),
	(83, 'Ward 05', 6, b'0'),
	(84, 'Ward 06', 6, b'0'),
	(85, 'Ward 07', 6, b'0'),
	(86, 'Ward 08', 6, b'0'),
	(87, 'Ward 09', 6, b'0'),
	(88, 'Ward 01', 7, b'0'),
	(89, 'Ward 02', 7, b'0'),
	(90, 'Ward 03', 7, b'0'),
	(91, 'Ward 04', 7, b'0'),
	(92, 'Ward 05', 7, b'0'),
	(93, 'Ward 06', 7, b'0'),
	(94, 'Ward 07', 7, b'0'),
	(95, 'Ward 08', 7, b'0'),
	(96, 'Ward 09', 7, b'0'),
	(97, 'Ward 10', 7, b'0'),
	(98, 'Ward 01', 8, b'0'),
	(99, 'Ward 02', 8, b'0'),
	(100, 'Ward 03', 8, b'0'),
	(101, 'Ward 04', 8, b'0'),
	(102, 'Ward 05', 8, b'0'),
	(103, 'Ward 06', 8, b'0'),
	(104, 'Ward 07', 8, b'0'),
	(105, 'Ward 08', 8, b'0'),
	(106, 'Ward 09', 8, b'0'),
	(107, 'Ward 10', 8, b'0'),
	(108, 'Ward 01', 9, b'0'),
	(109, 'Ward 02', 9, b'0'),
	(110, 'Ward 03', 9, b'0'),
	(111, 'Ward 04', 9, b'0'),
	(112, 'Ward 05', 9, b'0'),
	(113, 'Ward 06', 9, b'0'),
	(114, 'Ward 07', 9, b'0'),
	(115, 'Ward 08', 9, b'0'),
	(116, 'Ward 09', 9, b'0'),
	(117, 'Ward 01', 10, b'0'),
	(118, 'Ward 02', 10, b'0'),
	(119, 'Ward 03', 10, b'0'),
	(120, 'Ward 04', 10, b'0'),
	(121, 'Ward 05', 10, b'0'),
	(122, 'Ward 06', 10, b'0'),
	(123, 'Ward 07', 10, b'0'),
	(124, 'Ward 08', 10, b'0'),
	(125, 'Ward 09', 10, b'0'),
	(126, 'Ward 10', 10, b'0'),
	(127, 'Ward 11', 10, b'0'),
	(128, 'Ward 01', 11, b'0'),
	(129, 'Ward 02', 11, b'0'),
	(130, 'Ward 03', 11, b'0'),
	(131, 'Ward 04', 11, b'0'),
	(132, 'Ward 05', 11, b'0'),
	(133, 'Ward 06', 11, b'0'),
	(134, 'Ward 07', 11, b'0'),
	(135, 'Ward 08', 11, b'0'),
	(136, 'Ward 09', 11, b'0'),
	(137, 'Ward 10', 11, b'0'),
	(138, 'Ward 11', 11, b'0'),
	(139, 'Ward 01', 12, b'0'),
	(140, 'Ward 02', 12, b'0'),
	(141, 'Ward 03', 12, b'0'),
	(142, 'Ward 04', 12, b'0'),
	(143, 'Ward 05', 12, b'0'),
	(144, 'Ward 06', 12, b'0'),
	(145, 'Ward 07', 12, b'0'),
	(146, 'Ward 08', 12, b'0'),
	(147, 'Ward 09', 12, b'0'),
	(148, 'Ward 10', 12, b'0'),
	(149, 'Ward 11', 12, b'0'),
	(150, 'Ward 12', 12, b'0'),
	(151, 'Ward 13', 12, b'0'),
	(152, 'Ward 14', 12, b'0'),
	(153, 'Ward 15', 12, b'0'),
	(154, 'Ward 16', 12, b'0'),
	(155, 'Ward 17', 12, b'0'),
	(156, 'Ward 18', 12, b'0'),
	(157, 'Ward 19', 12, b'0'),
	(158, 'Ward 20', 12, b'0'),
	(159, 'Ward 21', 12, b'0'),
	(160, 'Ward 22', 12, b'0'),
	(161, 'Ward 23', 12, b'0'),
	(162, 'Ward 24', 12, b'0'),
	(163, 'Ward 25', 12, b'0'),
	(164, 'Ward 26', 12, b'0'),
	(165, 'Ward 27', 12, b'0'),
	(166, 'Ward 28', 12, b'0'),
	(167, 'Ward 29', 12, b'0'),
	(168, 'Ward 01', 13, b'0'),
	(169, 'Ward 02', 13, b'0'),
	(170, 'Ward 03', 13, b'0'),
	(171, 'Ward 04', 13, b'0'),
	(172, 'Ward 05', 13, b'0'),
	(173, 'Ward 06', 13, b'0'),
	(174, 'Ward 07', 13, b'0'),
	(175, 'Ward 08', 13, b'0'),
	(176, 'Ward 09', 13, b'0'),
	(177, 'Ward 10', 13, b'0'),
	(178, 'Ward 01', 14, b'0'),
	(179, 'Ward 02', 14, b'0'),
	(180, 'Ward 03', 14, b'0'),
	(181, 'Ward 04', 14, b'0'),
	(182, 'Ward 05', 14, b'0'),
	(183, 'Ward 06', 14, b'0'),
	(184, 'Ward 07', 14, b'0'),
	(185, 'Ward 08', 14, b'0'),
	(186, 'Ward 09', 14, b'0'),
	(187, 'Ward 10', 14, b'0'),
	(188, 'Ward 11', 14, b'0'),
	(189, 'Ward 12', 14, b'0'),
	(190, 'Ward 13', 14, b'0'),
	(191, 'Ward 14', 14, b'0'),
	(192, 'Ward 01', 15, b'0'),
	(193, 'Ward 02', 15, b'0'),
	(194, 'Ward 03', 15, b'0'),
	(195, 'Ward 04', 15, b'0'),
	(196, 'Ward 05', 15, b'0'),
	(197, 'Ward 01', 16, b'0'),
	(198, 'Ward 02', 16, b'0'),
	(199, 'Ward 03', 16, b'0'),
	(200, 'Ward 04', 16, b'0'),
	(201, 'Ward 05', 16, b'0'),
	(202, 'Ward 06', 16, b'0'),
	(203, 'Ward 07', 16, b'0'),
	(204, 'Ward 01', 17, b'0'),
	(205, 'Ward 02', 17, b'0'),
	(206, 'Ward 03', 17, b'0'),
	(207, 'Ward 04', 17, b'0'),
	(208, 'Ward 05', 17, b'0'),
	(209, 'Ward 06', 17, b'0'),
	(210, 'Ward 01', 18, b'0'),
	(211, 'Ward 02', 18, b'0'),
	(212, 'Ward 03', 18, b'0'),
	(213, 'Ward 04', 18, b'0'),
	(214, 'Ward 05', 18, b'0'),
	(215, 'Ward 06', 18, b'0'),
	(216, 'Ward 07', 18, b'0'),
	(217, 'Ward 08', 18, b'0'),
	(218, 'Ward 09', 18, b'0'),
	(219, 'Ward 10', 18, b'0'),
	(220, 'Ward 01', 19, b'0'),
	(221, 'Ward 02', 19, b'0'),
	(222, 'Ward 03', 19, b'0'),
	(223, 'Ward 04', 19, b'0'),
	(224, 'Ward 05', 19, b'0'),
	(225, 'Ward 06', 19, b'0'),
	(226, 'Ward 07', 19, b'0'),
	(227, 'Ward 08', 19, b'0'),
	(228, 'Ward 09', 19, b'0'),
	(229, 'Ward 01', 20, b'0'),
	(230, 'Ward 02', 20, b'0'),
	(231, 'Ward 03', 20, b'0'),
	(232, 'Ward 04', 20, b'0'),
	(233, 'Ward 05', 20, b'0'),
	(234, 'Ward 06', 20, b'0'),
	(235, 'Ward 07', 20, b'0'),
	(236, 'Ward 08', 20, b'0'),
	(237, 'Ward 09', 20, b'0'),
	(238, 'Ward 01', 21, b'0'),
	(239, 'Ward 02', 21, b'0'),
	(240, 'Ward 03', 21, b'0'),
	(241, 'Ward 04', 21, b'0'),
	(242, 'Ward 05', 21, b'0'),
	(243, 'Ward 06', 21, b'0'),
	(244, 'Ward 07', 21, b'0'),
	(245, 'Ward 08', 21, b'0'),
	(246, 'Ward 09', 21, b'0'),
	(247, 'Ward 10', 21, b'0');
/*!40000 ALTER TABLE `lg_ward` ENABLE KEYS */;

INSERT INTO `registration_report` (`form_info_id`, `form_title`, `unverified`,`stamped`,`registered`,`processed`,`verified`, `total`) VALUES
	("1", 'जन्म दर्ता', 0, 0, 0, 0, 0, 0),
	("2", 'जिवित सँगको नाता प्रमाणित', 0, 0, 0, 0, 0, 0),
	("3", 'मृतक सँगको नाता प्रमाणित', 0, 0, 0, 0, 0, 0),
	("4", 'विवाह दर्ता', 0, 0, 0, 0, 0, 0),
	("5", 'मृत्यु दर्ता', 0, 0, 0, 0, 0, 0),
	("6", 'सम्बन्ध विच्छेद दर्ता', 0, 0, 0, 0, 0, 0),
	("7", 'अपाङ्ग सिफारिस', 0, 0, 0, 0, 0, 0),
	("8", 'विवाह प्रमाणित', 0, 0, 0, 0, 0, 0),
    ("9", "विजिवित रहेको सिफारिस", 0, 0, 0, 0, 0, 0),
    ("10", "विपन्न विद्यार्थी छात्रबृत्ति सिफारिस", 0, 0, 0, 0, 0, 0),
    ("11", "छात्रबृत्ति सिफारिस ", 0, 0, 0, 0, 0, 0),
    ("12", "जन्म मिति प्रमाणित", 0, 0, 0, 0, 0, 0),
    ("13", "स्थायी बसोबास सिफारिस", 0, 0, 0, 0, 0, 0),
    ("14", "धारा जडान सिफारिस", 0, 0, 0, 0, 0, 0),
    ("15", "जग्गा रेखांकनको कार्य/सो कार्यमा रोहबर ", 0, 0, 0, 0, 0, 0),
    ("16", "घर कायम सिफारिस", 0, 0, 0, 0, 0, 0),
    ("17", "आर्थिक अवस्था कमजोर वा विपन्नता प्रमाणित", 0, 0, 0, 0, 0, 0),
    ("18", "अंग्रेजी सिफारिस तथा प्रमाणित", 0, 0, 0, 0, 0, 0),
    ("19", "कागज/मञ्जुरीनामा प्रमाणित", 0, 0, 0, 0, 0, 0),
    ("20", "घर पाताल प्रमाणित", 0, 0, 0, 0, 0, 0),
    ("21", "विद्युत जडान सिफारिस", 0, 0, 0, 0, 0, 0),
    ("22", "दुवै नाम गरेको ब्यक्ति एकै हो भन्ने सिफारिस", 0, 0, 0, 0, 0, 0),
    ("23", "ब्यवसाय सञ्चालन नभएको सिफारिस", 0, 0, 0, 0, 0, 0),
    ("24", "जग्गा धनीपूर्जा हराएको सिफारिस", 0, 0, 0, 0, 0, 0),
    ("25", "कोठा खोल्न कार्य/रोहबरमा बस्ने कार्य", 0, 0, 0, 0, 0, 0),
    ("26", "नेपाल सरकारको नाममा बाटो कायम सिफारिस", 0, 0, 0, 0, 0, 0),
	("27", 'संरक्षक सिफारिस (ब्यक्तिगत)', 0, 0, 0, 0, 0, 0),
	("28", 'संरक्षक सिफारिस (संस्थागत)', 0, 0, 0, 0, 0, 0),
	("29", 'ब्यक्तिगत विवरण सिफारिस', 0, 0, 0, 0, 0, 0),
	("30", 'विद्यालय ठाउंसारी सिफारिस', 0, 0, 0, 0, 0, 0),
	("31", 'उद्योग ठाउंसारी सिफारिस', 0, 0, 0, 0, 0, 0),
	("32", 'मोही लगत कट्टा सिफारिस', 0, 0, 0, 0, 0, 0),
	("33", 'घर जग्गा नामसारी सिफारिस', 0, 0, 0, 0, 0, 0),
	("34", 'घर बाटो प्रमाणित', 0, 0, 0, 0, 0, 0),
	("35", 'मालपोत वा भूमीकर', 0, 0, 0, 0, 0, 0),
	("36", 'विज्ञापन कर', 0, 0, 0, 0, 0, 0),
	("37", 'मिलापत्र कागज / उजुरी दर्ता ', 0, 0, 0, 0, 0, 0),
	("38", 'चार किल्ला प्रमाणित', 0, 0, 0, 0, 0, 0),
    ("39", 'संस्था दर्ता सिफारिस', 0, 0, 0, 0, 0, 0),
	("40", 'निःशुल्क वा सःशुल्क स्वास्थ्य उपचार सिफारिस', 0, 0, 0, 0, 0, 0),
	("41", 'विद्यालय सञ्चालन स्वीकृत/कक्षा बृद्धि सिफारिस ', 0, 0, 0, 0, 0, 0),
	("42", 'अस्थाई बसोबास सिफारिस', 0, 0, 0, 0, 0, 0),
	("43", 'कोर्ट फि मिनाहा सिफारिस', 0, 0, 0, 0, 0, 0),
	("44", 'ब्यवसाय बन्द सिफारिस', 0, 0, 0, 0, 0, 0),
	("45", 'अंगिकृत नागरिकता', 0, 0, 0, 0, 0, 0),
	("46", 'नागरिकता र प्रतिलिपि सिफारिस', 0, 0, 0, 0, 0, 0),
	("47", 'आन्तरिक बसाई सराई सिफारिस', 0, 0, 0, 0, 0, 0),
	("48", 'ब्यवसाय दर्ता सिफारिस', 0, 0, 0, 0, 0, 0),
	("49", 'चौपाय सम्वन्धी सिफारिस', 0, 0, 0, 0, 0, 0),
	("50", 'अन्य कार्यालयको माग अनुसार विवरण खुलाई पठाउने कार्य', 0, 0, 0, 0, 0, 0);


INSERT INTO `form_info` (`form_type`, `form_description`) VALUES
    ("egovernance_birth_certificate", "जन्म दर्ता"),
    ("egovernance_relationship_living", "जिवित सँगको नाता प्रमाणित "),
    ("egovernance_relationship_deceased", "मृतक सँगको नाता प्रमाणित "),
    ("egovernance_marriage_certificate", "विवाह दर्ता"),
    ("egovernance_death_certificate", "मृत्यु दर्ता"),
    ("egovernance_divorce_certificate", "सम्बन्ध विच्छेद दर्ता"),
    ("egovernance_disabled_certificate", "अपाङ्ग सिफारिस"),
    ("egovernance_marriage_verification", "विवाह प्रमाणित"),
    ("egovernance_alive_certificate", "विपन्न विद्यार्थी छात्रबृत्ति सिफारिस"),
    ("egovernance_minor_certificate", "विपन्न विद्यार्थी छात्रबृत्ति सिफारिस"),
    ("egovernance_scholarship_certificate", "छात्रबृत्ति सिफारिस "),
    ("egovernance_birth_verification", "जन्म मिति प्रमाणित"),
    ("egovernance_permanent_residence", "स्थायी बसोबास सिफारिस"),
    ("egovernance_pipeline_connection", "धारा जडान सिफारिस"),
    ("egovernance_land_marking", "जग्गा रेखांकनको कार्य/सो कार्यमा रोहबर "),
    ("egovernance_ghar_kayam", "घर कायम सिफारिस"),
    ("egovernance_poor_economy", "आर्थिक अवस्था कमजोर वा विपन्नता प्रमाणित"),
    ("egovernance_english_verification", "अंग्रेजी सिफारिस तथा प्रमाणित"),
    ("egovernance_manjurinama_verification", "कागज/मञ्जुरीनामा प्रमाणित"),
    ("egovernance_ghar_patal", "घर पाताल प्रमाणित"),
    ("egovernance_electricity_connection", "विद्युत जडान सिफारिस"),
    ("egovernance_two_names", "दुवै नाम गरेको ब्यक्ति एकै हो भन्ने सिफारिस"),
    ("egovernance_business_not_operating", "ब्यवसाय सञ्चालन नभएको सिफारिस"),
    ("egovernance_land_dhanipurja", "जग्गा धनीपूर्जा हराएको सिफारिस"),
    ("egovernance_कोठा_खोल्न_कार्य", "कोठा खोल्न कार्य/रोहबरमा बस्ने कार्य"),
    ("egovernance_बाटो_कायम", "नेपाल सरकारको नाममा बाटो कायम सिफारिस"),
    ("egovernance_संरक्षक_व्यक्तिगत", "संरक्षक सिफारिस (ब्यक्तिगत)"),
    ("egovernance_संरक्षक_संस्थागत", "संरक्षक सिफारिस (संस्थागत)"),
    ("egovernance_व्यक्तिगत_विवरण", "ब्यक्तिगत विवरण सिफारिस"),
    ("egovernance_विद्यालय_ठाउँसारी", "विद्यालय ठाउंसारी सिफारिस"),
    ("egovernance_उद्योग_ठाउँसारी", "उद्योग ठाउंसारी सिफारिस"),
    ("egovernance_mohi_lagat", "मोही लगत कट्टा सिफारिस"),
    ("egovernance_house_land_transfer", "घर जग्गा नामसारी सिफारिस"),
    ("egovernance_home_road", "घर बाटो प्रमाणित"),
    ("egovernance_मालपोत_भूमिकर", "मालपोत वा भूमीकर"),
    ("egovernance_advertisement_tax", "विज्ञापन कर"),
    ("egovernance_reconciliation_paper", "मिलापत्र कागज / उजुरी दर्ता "),
    ("egovernance_चार_कल्ला", "चार किल्ला प्रमाणित"),
    ("egovernance_institution_register", "संस्था दर्ता सिफारिस"),
    ("egovernance_free_healthcare", "निःशुल्क वा सःशुल्क स्वास्थ्य उपचार सिफारिस"),
    ("egovernance_school_operation", "विद्यालय सञ्चालन स्वीकृत/कक्षा बृद्धि सिफारिस "),
    ("egovernance_internal_residence", "अस्थाई बसोबास सिफारिस"),
    ("egovernance_court_fee", "कोर्ट फि मिनाहा सिफारिस"),
    ("egovernance_business_closure", "ब्यवसाय बन्द सिफारिस"),
    ("egovernance_angikrit_citizenship", "अंगिकृत नागरिकता"),
    ("egovernance_citizenship_and_copy", "नागरिकता र प्रतिलिपि सिफारिस"),
    ("egovernance_resettlement_register", "आन्तरिक बसाई सराई सिफारिस"),
    ("egovernance_business_register", "ब्यवसाय दर्ता सिफारिस"),
    ("egovernance_quadruped", "चौपाय सम्वन्धी सिफारिस"),
    ("egovernance_details_disclosure", "अन्य कार्यालयको माग अनुसार विवरण खुलाई पठाउने कार्य");


